{"cameraMode":{"drawMode":0,"name":"Shaded","section":"Shading Mode"},"sceneLighting":true,"audioPlay":false,"sceneViewState":{"showFog":true,"showMaterialUpdate":false,"showSkybox":true,"showFlares":true,"showImageEffects":true,"showParticleSystems":true},"in2DMode":false,"pivot":{"x":-6.521695613861084,"y":5.198753356933594,"z":-0.43359375},"rotation":{"x":-0.021841775625944139,"y":0.9518061280250549,"z":-0.2978837192058563,"w":-0.06979619711637497},"size":22.953861236572267,"orthographic":false}